"","Data","Estado","soma_suspeitos","soma_negativos","soma_positivos"
"1",2020-01-30,"Ceará",1,0,0
"2",2020-01-30,"Minas Gerais",1,0,0
"3",2020-01-30,"Paraná",1,1,0
"4",2020-01-30,"Rio de Janeiro",1,0,0
"5",2020-01-30,"Rio Grande do Sul",2,2,0
"6",2020-01-30,"Santa Catarina",0,2,0
"7",2020-01-30,"São Paulo",3,1,0
"8",2020-01-31,"Ceará",1,0,0
"9",2020-01-31,"Minas Gerais",1,0,0
"10",2020-01-31,"Paraná",1,1,0
"11",2020-01-31,"Rio de Janeiro",0,1,0
"12",2020-01-31,"Rio Grande do Sul",2,3,0
"13",2020-01-31,"Santa Catarina",1,2,0
"14",2020-01-31,"São Paulo",7,2,0
"15",2020-02-01,"Ceará",1,0,0
"16",2020-02-01,"Minas Gerais",0,1,0
"17",2020-02-01,"Paraná",1,1,0
"18",2020-02-01,"Rio de Janeiro",0,1,0
"19",2020-02-01,"Rio Grande do Sul",4,3,0
"20",2020-02-01,"Santa Catarina",2,2,0
"21",2020-02-01,"São Paulo",8,2,0
"22",2020-02-02,"Ceará",1,0,0
"23",2020-02-02,"Minas Gerais",0,1,0
"24",2020-02-02,"Paraná",1,1,0
"25",2020-02-02,"Rio de Janeiro",0,1,0
"26",2020-02-02,"Rio Grande do Sul",4,3,0
"27",2020-02-02,"Santa Catarina",2,2,0
"28",2020-02-02,"São Paulo",8,2,0
"29",2020-02-03,"Ceará",0,1,0
"30",2020-02-03,"Minas Gerais",0,1,0
"31",2020-02-03,"Paraná",0,2,0
"32",2020-02-03,"Rio de Janeiro",1,1,0
"33",2020-02-03,"Rio Grande do Sul",4,3,0
"34",2020-02-03,"Santa Catarina",2,2,0
"35",2020-02-03,"São Paulo",7,3,0
"36",2020-02-04,"Ceará",0,1,0
"37",2020-02-04,"Minas Gerais",0,1,0
"38",2020-02-04,"Paraná",0,2,0
"39",2020-02-04,"Rio de Janeiro",1,2,0
"40",2020-02-04,"Rio Grande do Sul",4,3,0
"41",2020-02-04,"Santa Catarina",2,2,0
"42",2020-02-04,"São Paulo",6,5,0
"43",2020-02-05,"Ceará",0,1,0
"44",2020-02-05,"Minas Gerais",0,1,0
"45",2020-02-05,"Paraná",0,2,0
"46",2020-02-05,"Rio de Janeiro",1,2,0
"47",2020-02-05,"Rio Grande do Sul",5,3,0
"48",2020-02-05,"Santa Catarina",1,3,0
"49",2020-02-05,"São Paulo",4,9,0
"50",2020-02-06,"Ceará",0,2,0
"51",2020-02-06,"Minas Gerais",2,2,0
"52",2020-02-06,"Paraná",0,4,0
"53",2020-02-06,"Rio de Janeiro",2,4,0
"54",2020-02-06,"Rio Grande do Sul",6,10,0
"55",2020-02-06,"Santa Catarina",2,6,0
"56",2020-02-06,"São Paulo",6,20,0
"57",2020-02-07,"Ceará",0,1,0
"58",2020-02-07,"Minas Gerais",1,1,0
"59",2020-02-07,"Paraná",0,2,0
"60",2020-02-07,"Rio de Janeiro",1,2,0
"61",2020-02-07,"Rio Grande do Sul",2,6,0
"62",2020-02-07,"Santa Catarina",1,3,0
"63",2020-02-07,"São Paulo",3,11,0
"64",2020-02-08,"Ceará",0,1,0
"65",2020-02-08,"Minas Gerais",1,1,0
"66",2020-02-08,"Paraná",0,2,0
"67",2020-02-08,"Rio de Janeiro",1,2,0
"68",2020-02-08,"Rio Grande do Sul",3,6,0
"69",2020-02-08,"Santa Catarina",1,3,0
"70",2020-02-08,"São Paulo",2,13,0
"71",2020-02-09,"Ceará",0,1,0
"72",2020-02-09,"Minas Gerais",1,1,0
"73",2020-02-09,"Paraná",1,2,0
"74",2020-02-09,"Rio de Janeiro",2,2,0
"75",2020-02-09,"Rio Grande do Sul",3,6,0
"76",2020-02-09,"Santa Catarina",1,3,0
"77",2020-02-09,"São Paulo",3,13,0
"78",2020-02-10,"Ceará",0,1,0
"79",2020-02-10,"Minas Gerais",1,1,0
"80",2020-02-10,"Paraná",1,2,0
"81",2020-02-10,"Rio de Janeiro",1,3,0
"82",2020-02-10,"Rio Grande do Sul",1,8,0
"83",2020-02-10,"Santa Catarina",0,4,0
"84",2020-02-10,"São Paulo",3,13,0
"85",2020-02-11,"Ceará",0,1,0
"86",2020-02-11,"Minas Gerais",1,1,0
"87",2020-02-11,"Paraná",1,2,0
"88",2020-02-11,"Rio de Janeiro",2,3,0
"89",2020-02-11,"Rio Grande do Sul",1,8,0
"90",2020-02-11,"Santa Catarina",0,4,0
"91",2020-02-11,"São Paulo",3,14,0
"92",2020-02-12,"Ceará",0,1,0
"93",2020-02-12,"Minas Gerais",1,1,0
"94",2020-02-12,"Paraná",1,2,0
"95",2020-02-12,"Rio de Janeiro",2,3,0
"96",2020-02-12,"Rio Grande do Sul",1,8,0
"97",2020-02-12,"Santa Catarina",0,4,0
"98",2020-02-12,"São Paulo",6,14,0
"99",2020-02-13,"Ceará",0,1,0
"100",2020-02-13,"Distrito Federal",0,1,0
"101",2020-02-13,"Minas Gerais",0,2,0
"102",2020-02-13,"Paraná",1,2,0
"103",2020-02-13,"Rio de Janeiro",0,5,0
"104",2020-02-13,"Rio Grande do Sul",2,8,0
"105",2020-02-13,"Santa Catarina",0,4,0
"106",2020-02-13,"São Paulo",3,17,0
"107",2020-02-14,"Ceará",0,1,0
"108",2020-02-14,"Distrito Federal",0,1,0
"109",2020-02-14,"Minas Gerais",0,2,0
"110",2020-02-14,"Paraná",1,2,0
"111",2020-02-14,"Rio de Janeiro",0,5,0
"112",2020-02-14,"Rio Grande do Sul",2,8,0
"113",2020-02-14,"Santa Catarina",0,4,0
"114",2020-02-14,"São Paulo",1,20,0
"115",2020-02-15,"Ceará",0,1,0
"116",2020-02-15,"Distrito Federal",0,1,0
"117",2020-02-15,"Minas Gerais",0,2,0
"118",2020-02-15,"Paraná",0,3,0
"119",2020-02-15,"Rio de Janeiro",0,5,0
"120",2020-02-15,"Rio Grande do Sul",1,9,0
"121",2020-02-15,"Santa Catarina",0,4,0
"122",2020-02-15,"São Paulo",2,20,0
"123",2020-02-16,"Ceará",0,1,0
"124",2020-02-16,"Distrito Federal",0,1,0
"125",2020-02-16,"Minas Gerais",0,2,0
"126",2020-02-16,"Paraná",0,3,0
"127",2020-02-16,"Rio de Janeiro",0,5,0
"128",2020-02-16,"Rio Grande do Sul",1,9,0
"129",2020-02-16,"Santa Catarina",0,4,0
"130",2020-02-16,"São Paulo",2,20,0
"131",2020-02-17,"Ceará",0,1,0
"132",2020-02-17,"Distrito Federal",0,1,0
"133",2020-02-17,"Minas Gerais",0,2,0
"134",2020-02-17,"Paraná",0,3,0
"135",2020-02-17,"Rio de Janeiro",0,5,0
"136",2020-02-17,"Rio Grande do Sul",1,9,0
"137",2020-02-17,"Santa Catarina",0,4,0
"138",2020-02-17,"São Paulo",2,20,0
"139",2020-02-18,"Ceará",0,1,0
"140",2020-02-18,"Distrito Federal",0,1,0
"141",2020-02-18,"Minas Gerais",0,2,0
"142",2020-02-18,"Paraná",0,3,0
"143",2020-02-18,"Rio de Janeiro",0,5,0
"144",2020-02-18,"Rio Grande do Sul",1,9,0
"145",2020-02-18,"Santa Catarina",0,4,0
"146",2020-02-18,"São Paulo",4,20,0
"147",2020-02-19,"Ceará",0,1,0
"148",2020-02-19,"Distrito Federal",0,1,0
"149",2020-02-19,"Minas Gerais",0,2,0
"150",2020-02-19,"Paraná",0,3,0
"151",2020-02-19,"Rio de Janeiro",0,5,0
"152",2020-02-19,"Rio Grande do Sul",1,9,0
"153",2020-02-19,"Santa Catarina",0,4,0
"154",2020-02-19,"São Paulo",1,23,0
"155",2020-02-20,"Ceará",0,1,0
"156",2020-02-20,"Distrito Federal",0,1,0
"157",2020-02-20,"Minas Gerais",0,2,0
"158",2020-02-20,"Paraná",0,3,0
"159",2020-02-20,"Rio de Janeiro",0,5,0
"160",2020-02-20,"Rio Grande do Sul",0,10,0
"161",2020-02-20,"Santa Catarina",0,4,0
"162",2020-02-20,"São Paulo",1,24,0
"163",2020-02-21,"Ceará",0,1,0
"164",2020-02-21,"Distrito Federal",0,1,0
"165",2020-02-21,"Minas Gerais",0,2,0
"166",2020-02-21,"Paraná",0,3,0
"167",2020-02-21,"Rio de Janeiro",1,5,0
"168",2020-02-21,"Rio Grande do Sul",0,10,0
"169",2020-02-21,"Santa Catarina",0,4,0
"170",2020-02-21,"São Paulo",0,25,0
"171",2020-02-22,"Ceará",0,1,0
"172",2020-02-22,"Distrito Federal",0,1,0
"173",2020-02-22,"Minas Gerais",0,2,0
"174",2020-02-22,"Paraná",0,3,0
"175",2020-02-22,"Rio de Janeiro",1,6,0
"176",2020-02-22,"Rio Grande do Sul",0,10,0
"177",2020-02-22,"Santa Catarina",0,4,0
"178",2020-02-22,"São Paulo",0,25,0
"179",2020-02-23,"Ceará",0,1,0
"180",2020-02-23,"Distrito Federal",0,1,0
"181",2020-02-23,"Minas Gerais",0,2,0
"182",2020-02-23,"Paraná",0,3,0
"183",2020-02-23,"Rio de Janeiro",1,7,0
"184",2020-02-23,"Rio Grande do Sul",0,10,0
"185",2020-02-23,"Santa Catarina",0,4,0
"186",2020-02-23,"São Paulo",1,25,0
"187",2020-02-24,"Ceará",0,1,0
"188",2020-02-24,"Distrito Federal",0,1,0
"189",2020-02-24,"Minas Gerais",0,2,0
"190",2020-02-24,"Paraná",0,3,0
"191",2020-02-24,"Rio de Janeiro",1,7,0
"192",2020-02-24,"Rio Grande do Sul",0,10,0
"193",2020-02-24,"Santa Catarina",0,4,0
"194",2020-02-24,"São Paulo",3,26,0
"195",2020-02-25,"Ceará",0,2,0
"196",2020-02-25,"Distrito Federal",0,2,0
"197",2020-02-25,"Minas Gerais",0,4,0
"198",2020-02-25,"Paraná",0,6,0
"199",2020-02-25,"Rio de Janeiro",0,16,0
"200",2020-02-25,"Rio Grande do Sul",0,20,0
"201",2020-02-25,"Santa Catarina",0,8,0
"202",2020-02-25,"São Paulo",8,52,0
"203",2020-02-26,"Bahia",0,2,0
"204",2020-02-26,"Ceará",0,1,0
"205",2020-02-26,"Distrito Federal",0,1,0
"206",2020-02-26,"Espírito Santo",1,0,0
"207",2020-02-26,"Minas Gerais",2,2,0
"208",2020-02-26,"Paraíba",1,0,0
"209",2020-02-26,"Paraná",0,3,0
"210",2020-02-26,"Pernambuco",1,0,0
"211",2020-02-26,"Rio de Janeiro",2,8,0
"212",2020-02-26,"Rio Grande do Sul",0,10,0
"213",2020-02-26,"Santa Catarina",2,4,0
"214",2020-02-26,"São Paulo",11,28,1
"215",2020-02-27,"Alagoas",1,0,0
"216",2020-02-27,"Bahia",1,2,0
"217",2020-02-27,"Ceará",5,1,0
"218",2020-02-27,"Distrito Federal",5,1,0
"219",2020-02-27,"Espírito Santo",1,0,0
"220",2020-02-27,"Goiás",3,0,0
"221",2020-02-27,"Mato Grosso do Sul",2,0,0
"222",2020-02-27,"Minas Gerais",5,3,0
"223",2020-02-27,"Paraíba",1,0,0
"224",2020-02-27,"Paraná",5,3,0
"225",2020-02-27,"Pernambuco",3,0,0
"226",2020-02-27,"Rio de Janeiro",9,8,0
"227",2020-02-27,"Rio Grande do Norte",4,0,0
"228",2020-02-27,"Rio Grande do Sul",24,10,0
"229",2020-02-27,"Santa Catarina",8,4,0
"230",2020-02-27,"São Paulo",55,28,1
"231",2020-02-28,"Alagoas",1,0,0
"232",2020-02-28,"Bahia",9,4,0
"233",2020-02-28,"Ceará",6,2,0
"234",2020-02-28,"Distrito Federal",5,1,0
"235",2020-02-28,"Espírito Santo",2,1,0
"236",2020-02-28,"Goiás",5,0,0
"237",2020-02-28,"Mato Grosso do Sul",2,0,0
"238",2020-02-28,"Minas Gerais",17,3,0
"239",2020-02-28,"Paraíba",1,1,0
"240",2020-02-28,"Paraná",5,3,0
"241",2020-02-28,"Pernambuco",5,2,0
"242",2020-02-28,"Rio de Janeiro",19,8,0
"243",2020-02-28,"Rio Grande do Norte",3,2,0
"244",2020-02-28,"Rio Grande do Sul",27,10,0
"245",2020-02-28,"Santa Catarina",9,4,0
"246",2020-02-28,"São Paulo",66,30,1
"247",2020-02-29,"Alagoas",1,0,0
"248",2020-02-29,"Bahia",9,4,0
"249",2020-02-29,"Ceará",6,2,0
"250",2020-02-29,"Distrito Federal",5,1,0
"251",2020-02-29,"Espírito Santo",2,1,0
"252",2020-02-29,"Goiás",5,0,0
"253",2020-02-29,"Mato Grosso do Sul",2,0,0
"254",2020-02-29,"Minas Gerais",17,3,0
"255",2020-02-29,"Paraíba",1,1,0
"256",2020-02-29,"Paraná",5,3,0
"257",2020-02-29,"Pernambuco",5,2,0
"258",2020-02-29,"Rio de Janeiro",19,8,0
"259",2020-02-29,"Rio Grande do Norte",3,2,0
"260",2020-02-29,"Rio Grande do Sul",27,10,0
"261",2020-02-29,"Santa Catarina",9,4,0
"262",2020-02-29,"São Paulo",91,38,2
"263",2020-03-01,"Alagoas",1,0,0
"264",2020-03-01,"Bahia",9,4,0
"265",2020-03-01,"Ceará",6,2,0
"266",2020-03-01,"Distrito Federal",5,1,0
"267",2020-03-01,"Espírito Santo",2,1,0
"268",2020-03-01,"Goiás",5,0,0
"269",2020-03-01,"Mato Grosso do Sul",2,0,0
"270",2020-03-01,"Minas Gerais",17,3,0
"271",2020-03-01,"Paraíba",1,1,0
"272",2020-03-01,"Paraná",5,3,0
"273",2020-03-01,"Pernambuco",5,2,0
"274",2020-03-01,"Rio de Janeiro",19,8,0
"275",2020-03-01,"Rio Grande do Norte",3,2,0
"276",2020-03-01,"Rio Grande do Sul",27,10,0
"277",2020-03-01,"Santa Catarina",9,4,0
"278",2020-03-01,"São Paulo",136,48,2
"279",2020-03-02,"Alagoas",3,1,0
"280",2020-03-02,"Amazonas",1,1,0
"281",2020-03-02,"Bahia",9,14,0
"282",2020-03-02,"Ceará",6,6,0
"283",2020-03-02,"Distrito Federal",12,3,0
"284",2020-03-02,"Espírito Santo",5,6,0
"285",2020-03-02,"Goiás",3,7,0
"286",2020-03-02,"Maranhão",1,1,0
"287",2020-03-02,"Mato Grosso",5,0,0
"288",2020-03-02,"Mato Grosso do Sul",6,1,0
"289",2020-03-02,"Minas Gerais",48,4,0
"290",2020-03-02,"Pará",2,2,0
"291",2020-03-02,"Paraíba",2,1,0
"292",2020-03-02,"Paraná",7,8,0
"293",2020-03-02,"Pernambuco",4,10,0
"294",2020-03-02,"Piauí",1,2,0
"295",2020-03-02,"Rio de Janeiro",42,27,0
"296",2020-03-02,"Rio Grande do Norte",2,6,0
"297",2020-03-02,"Rio Grande do Sul",73,10,0
"298",2020-03-02,"Rondônia",1,0,0
"299",2020-03-02,"Santa Catarina",36,4,0
"300",2020-03-02,"São Paulo",163,48,2
"301",2020-03-02,"Sergipe",1,0,0
"302",2020-03-03,"Alagoas",5,1,0
"303",2020-03-03,"Amazonas",3,1,0
"304",2020-03-03,"Bahia",21,16,0
"305",2020-03-03,"Ceará",19,9,0
"306",2020-03-03,"Distrito Federal",12,3,0
"307",2020-03-03,"Espírito Santo",5,6,0
"308",2020-03-03,"Goiás",7,7,0
"309",2020-03-03,"Maranhão",1,1,0
"310",2020-03-03,"Mato Grosso",6,0,0
"311",2020-03-03,"Mato Grosso do Sul",6,1,0
"312",2020-03-03,"Minas Gerais",58,6,0
"313",2020-03-03,"Pará",1,4,0
"314",2020-03-03,"Paraíba",4,1,0
"315",2020-03-03,"Paraná",14,8,0
"316",2020-03-03,"Pernambuco",4,11,0
"317",2020-03-03,"Piauí",1,2,0
"318",2020-03-03,"Rio de Janeiro",62,29,0
"319",2020-03-03,"Rio Grande do Norte",2,6,0
"320",2020-03-03,"Rio Grande do Sul",82,20,0
"321",2020-03-03,"Rondônia",1,0,0
"322",2020-03-03,"Santa Catarina",43,4,0
"323",2020-03-03,"São Paulo",130,104,2
"324",2020-03-03,"Sergipe",1,0,0
"325",2020-03-04,"Alagoas",5,1,0
"326",2020-03-04,"Amazonas",4,1,0
"327",2020-03-04,"Bahia",19,21,0
"328",2020-03-04,"Ceará",14,18,0
"329",2020-03-04,"Distrito Federal",18,5,0
"330",2020-03-04,"Espírito Santo",5,7,0
"331",2020-03-04,"Goiás",1,12,0
"332",2020-03-04,"Maranhão",0,2,0
"333",2020-03-04,"Mato Grosso",6,0,0
"334",2020-03-04,"Mato Grosso do Sul",10,3,0
"335",2020-03-04,"Minas Gerais",82,6,0
"336",2020-03-04,"Pará",1,4,0
"337",2020-03-04,"Paraíba",4,1,0
"338",2020-03-04,"Paraná",13,8,0
"339",2020-03-04,"Pernambuco",6,11,0
"340",2020-03-04,"Piauí",1,2,0
"341",2020-03-04,"Rio de Janeiro",55,52,0
"342",2020-03-04,"Rio Grande do Norte",5,6,0
"343",2020-03-04,"Rio Grande do Sul",98,20,0
"344",2020-03-04,"Rondônia",1,0,0
"345",2020-03-04,"Santa Catarina",46,4,0
"346",2020-03-04,"São Paulo",135,131,3
"347",2020-03-04,"Sergipe",1,0,0
"348",2020-03-05,"Alagoas",6,1,0
"349",2020-03-05,"Amazonas",5,1,0
"350",2020-03-05,"Bahia",23,29,0
"351",2020-03-05,"Ceará",16,18,0
"352",2020-03-05,"Distrito Federal",20,9,0
"353",2020-03-05,"Espírito Santo",5,8,0
"354",2020-03-05,"Goiás",4,12,0
"355",2020-03-05,"Maranhão",0,2,0
"356",2020-03-05,"Mato Grosso",6,0,0
"357",2020-03-05,"Mato Grosso do Sul",11,3,0
"358",2020-03-05,"Minas Gerais",80,12,0
"359",2020-03-05,"Pará",1,5,0
"360",2020-03-05,"Paraíba",4,1,0
"361",2020-03-05,"Paraná",20,9,0
"362",2020-03-05,"Pernambuco",8,12,0
"363",2020-03-05,"Piauí",1,2,0
"364",2020-03-05,"Rio de Janeiro",79,58,1
"365",2020-03-05,"Rio Grande do Norte",4,8,0
"366",2020-03-05,"Rio Grande do Sul",104,25,0
"367",2020-03-05,"Rondônia",1,0,0
"368",2020-03-05,"Santa Catarina",54,4,0
"369",2020-03-05,"São Paulo",182,159,6
"370",2020-03-05,"Sergipe",2,0,0
"371",2020-03-06,"Alagoas",7,1,0
"372",2020-03-06,"Amazonas",2,4,0
"373",2020-03-06,"Bahia",15,32,1
"374",2020-03-06,"Ceará",12,24,0
"375",2020-03-06,"Distrito Federal",36,13,0
"376",2020-03-06,"Espírito Santo",1,12,1
"377",2020-03-06,"Goiás",4,12,0
"378",2020-03-06,"Maranhão",0,2,0
"379",2020-03-06,"Mato Grosso",6,1,0
"380",2020-03-06,"Mato Grosso do Sul",8,9,0
"381",2020-03-06,"Minas Gerais",123,17,0
"382",2020-03-06,"Pará",4,5,0
"383",2020-03-06,"Paraíba",3,3,0
"384",2020-03-06,"Paraná",25,13,0
"385",2020-03-06,"Pernambuco",6,14,0
"386",2020-03-06,"Piauí",1,2,0
"387",2020-03-06,"Rio de Janeiro",111,67,1
"388",2020-03-06,"Rio Grande do Norte",7,8,0
"389",2020-03-06,"Rio Grande do Sul",112,41,0
"390",2020-03-06,"Rondônia",1,0,0
"391",2020-03-06,"Santa Catarina",59,10,0
"392",2020-03-06,"São Paulo",222,189,10
"393",2020-03-06,"Sergipe",3,1,0
"394",2020-03-07,"Alagoas",7,1,0
"395",2020-03-07,"Amazonas",2,4,0
"396",2020-03-07,"Bahia",15,32,2
"397",2020-03-07,"Ceará",13,24,0
"398",2020-03-07,"Distrito Federal",30,19,1
"399",2020-03-07,"Espírito Santo",1,12,1
"400",2020-03-07,"Goiás",4,12,0
"401",2020-03-07,"Maranhão",0,2,0
"402",2020-03-07,"Mato Grosso",6,1,0
"403",2020-03-07,"Mato Grosso do Sul",6,11,0
"404",2020-03-07,"Minas Gerais",123,17,0
"405",2020-03-07,"Pará",4,5,0
"406",2020-03-07,"Paraíba",3,3,0
"407",2020-03-07,"Paraná",20,18,0
"408",2020-03-07,"Pernambuco",6,14,0
"409",2020-03-07,"Piauí",1,2,0
"410",2020-03-07,"Rio de Janeiro",111,67,2
"411",2020-03-07,"Rio Grande do Norte",4,11,0
"412",2020-03-07,"Rio Grande do Sul",88,75,0
"413",2020-03-07,"Rondônia",1,0,0
"414",2020-03-07,"Santa Catarina",44,25,0
"415",2020-03-07,"São Paulo",184,246,13
"416",2020-03-07,"Sergipe",1,1,0
"417",2020-03-08,"Alagoas",6,1,1
"418",2020-03-08,"Amazonas",2,4,0
"419",2020-03-08,"Bahia",15,32,2
"420",2020-03-08,"Ceará",11,26,0
"421",2020-03-08,"Distrito Federal",24,24,1
"422",2020-03-08,"Espírito Santo",1,12,1
"423",2020-03-08,"Goiás",4,12,0
"424",2020-03-08,"Maranhão",0,2,0
"425",2020-03-08,"Mato Grosso",5,2,0
"426",2020-03-08,"Mato Grosso do Sul",6,11,0
"427",2020-03-08,"Minas Gerais",122,17,1
"428",2020-03-08,"Pará",3,6,0
"429",2020-03-08,"Paraíba",3,3,0
"430",2020-03-08,"Paraná",22,20,0
"431",2020-03-08,"Pernambuco",9,18,0
"432",2020-03-08,"Piauí",1,2,0
"433",2020-03-08,"Rio de Janeiro",110,67,3
"434",2020-03-08,"Rio Grande do Norte",9,13,0
"435",2020-03-08,"Rio Grande do Sul",88,75,0
"436",2020-03-08,"Rondônia",1,0,0
"437",2020-03-08,"Santa Catarina",44,26,0
"438",2020-03-08,"São Paulo",176,258,16
"439",2020-03-08,"Sergipe",1,1,0
"440",2020-03-10,"Acre",3,0,0
"441",2020-03-10,"Alagoas",6,1,1
"442",2020-03-10,"Amazonas",3,4,0
"443",2020-03-10,"Bahia",46,35,2
"444",2020-03-10,"Ceará",22,42,0
"445",2020-03-10,"Distrito Federal",59,24,1
"446",2020-03-10,"Espírito Santo",1,12,1
"447",2020-03-10,"Goiás",14,14,0
"448",2020-03-10,"Maranhão",2,2,0
"449",2020-03-10,"Mato Grosso",1,7,0
"450",2020-03-10,"Mato Grosso do Sul",6,11,0
"451",2020-03-10,"Minas Gerais",122,18,1
"452",2020-03-10,"Pará",5,12,0
"453",2020-03-10,"Paraíba",5,6,0
"454",2020-03-10,"Paraná",33,20,0
"455",2020-03-10,"Pernambuco",12,22,0
"456",2020-03-10,"Piauí",1,2,0
"457",2020-03-10,"Rio de Janeiro",119,85,8
"458",2020-03-10,"Rio Grande do Norte",15,13,0
"459",2020-03-10,"Rio Grande do Sul",70,129,1
"460",2020-03-10,"Rondônia",2,1,0
"461",2020-03-10,"Santa Catarina",42,28,0
"462",2020-03-10,"São Paulo",302,289,19
"463",2020-03-10,"Sergipe",2,3,0
"464",2020-03-11,"Acre",3,0,0
"465",2020-03-11,"Alagoas",4,7,1
"466",2020-03-11,"Amazonas",1,7,0
"467",2020-03-11,"Bahia",65,36,2
"468",2020-03-11,"Ceará",22,42,0
"469",2020-03-11,"Distrito Federal",74,28,2
"470",2020-03-11,"Espírito Santo",31,13,1
"471",2020-03-11,"Goiás",17,28,0
"472",2020-03-11,"Maranhão",6,2,0
"473",2020-03-11,"Mato Grosso",1,7,0
"474",2020-03-11,"Mato Grosso do Sul",6,11,0
"475",2020-03-11,"Minas Gerais",117,22,1
"476",2020-03-11,"Pará",5,13,0
"477",2020-03-11,"Paraíba",7,6,0
"478",2020-03-11,"Paraná",49,27,0
"479",2020-03-11,"Pernambuco",17,22,0
"480",2020-03-11,"Piauí",1,2,0
"481",2020-03-11,"Rio de Janeiro",87,133,13
"482",2020-03-11,"Rio Grande do Norte",13,14,0
"483",2020-03-11,"Rio Grande do Sul",67,159,2
"484",2020-03-11,"Rondônia",2,1,0
"485",2020-03-11,"Santa Catarina",47,32,0
"486",2020-03-11,"São Paulo",263,320,30
"487",2020-03-11,"Sergipe",2,3,0
"488",2020-03-12,"Acre",3,0,0
"489",2020-03-12,"Alagoas",6,7,1
"490",2020-03-12,"Amazonas",1,7,0
"491",2020-03-12,"Bahia",65,36,2
"492",2020-03-12,"Ceará",22,42,0
"493",2020-03-12,"Distrito Federal",82,44,2
"494",2020-03-12,"Espírito Santo",51,21,1
"495",2020-03-12,"Goiás",15,34,0
"496",2020-03-12,"Maranhão",6,2,0
"497",2020-03-12,"Mato Grosso",6,7,0
"498",2020-03-12,"Mato Grosso do Sul",9,15,0
"499",2020-03-12,"Minas Gerais",117,22,1
"500",2020-03-12,"Pará",5,13,0
"501",2020-03-12,"Paraíba",10,6,0
"502",2020-03-12,"Paraná",54,29,6
"503",2020-03-12,"Pernambuco",18,23,2
"504",2020-03-12,"Piauí",1,2,0
"505",2020-03-12,"Rio de Janeiro",76,146,16
"506",2020-03-12,"Rio Grande do Norte",13,15,0
"507",2020-03-12,"Rio Grande do Sul",81,183,4
"508",2020-03-12,"Rondônia",2,1,0
"509",2020-03-12,"Santa Catarina",73,34,0
"510",2020-03-12,"São Paulo",704,471,42
"511",2020-03-12,"Sergipe",2,3,0
"512",2020-03-13,"Acre",3,0,0
"513",2020-03-13,"Alagoas",6,7,1
"514",2020-03-13,"Amazonas",1,7,0
"515",2020-03-13,"Bahia",65,36,2
"516",2020-03-13,"Ceará",22,59,0
"517",2020-03-13,"Distrito Federal",75,53,2
"518",2020-03-13,"Espírito Santo",51,21,1
"519",2020-03-13,"Goiás",6,46,3
"520",2020-03-13,"Maranhão",6,2,0
"521",2020-03-13,"Mato Grosso",6,7,0
"522",2020-03-13,"Mato Grosso do Sul",15,16,0
"523",2020-03-13,"Minas Gerais",116,73,2
"524",2020-03-13,"Pará",1,20,0
"525",2020-03-13,"Paraíba",16,6,0
"526",2020-03-13,"Paraná",72,34,6
"527",2020-03-13,"Pernambuco",18,23,2
"528",2020-03-13,"Piauí",1,2,0
"529",2020-03-13,"Rio de Janeiro",76,147,16
"530",2020-03-13,"Rio Grande do Norte",12,15,1
"531",2020-03-13,"Rio Grande do Sul",81,203,4
"532",2020-03-13,"Rondônia",2,1,0
"533",2020-03-13,"Santa Catarina",77,34,2
"534",2020-03-13,"São Paulo",753,529,56
"535",2020-03-13,"Sergipe",2,3,0
"536",2020-03-13,"Tocantins",2,0,0
"537",2020-03-14,"Acre",3,0,0
"538",2020-03-14,"Alagoas",6,7,1
"539",2020-03-14,"Amazonas",1,7,0
"540",2020-03-14,"Bahia",65,36,2
"541",2020-03-14,"Ceará",22,59,0
"542",2020-03-14,"Distrito Federal",107,65,6
"543",2020-03-14,"Espírito Santo",51,21,1
"544",2020-03-14,"Goiás",4,49,3
"545",2020-03-14,"Maranhão",6,2,0
"546",2020-03-14,"Mato Grosso",6,7,0
"547",2020-03-14,"Mato Grosso do Sul",15,16,0
"548",2020-03-14,"Minas Gerais",106,85,2
"549",2020-03-14,"Pará",1,20,0
"550",2020-03-14,"Paraíba",11,11,0
"551",2020-03-14,"Paraná",60,50,6
"552",2020-03-14,"Pernambuco",18,23,2
"553",2020-03-14,"Piauí",1,2,0
"554",2020-03-14,"Rio de Janeiro",76,147,22
"555",2020-03-14,"Rio Grande do Norte",12,15,1
"556",2020-03-14,"Rio Grande do Sul",80,203,6
"557",2020-03-14,"Rondônia",2,1,0
"558",2020-03-14,"Santa Catarina",85,39,4
"559",2020-03-14,"São Paulo",752,545,65
"560",2020-03-14,"Sergipe",4,3,0
"561",2020-03-14,"Tocantins",2,0,0
"562",2020-03-15,"Acre",3,0,0
"563",2020-03-15,"Alagoas",14,21,1
"564",2020-03-15,"Amapá",1,0,0
"565",2020-03-15,"Amazonas",0,7,1
"566",2020-03-15,"Bahia",65,36,2
"567",2020-03-15,"Ceará",22,59,0
"568",2020-03-15,"Distrito Federal",81,91,8
"569",2020-03-15,"Espírito Santo",51,21,1
"570",2020-03-15,"Goiás",4,49,3
"571",2020-03-15,"Maranhão",6,2,0
"572",2020-03-15,"Mato Grosso",8,7,0
"573",2020-03-15,"Mato Grosso do Sul",15,16,0
"574",2020-03-15,"Minas Gerais",106,85,2
"575",2020-03-15,"Pará",1,23,0
"576",2020-03-15,"Paraíba",27,11,0
"577",2020-03-15,"Paraná",80,50,6
"578",2020-03-15,"Pernambuco",18,23,2
"579",2020-03-15,"Piauí",1,2,0
"580",2020-03-15,"Rio de Janeiro",95,147,24
"581",2020-03-15,"Rio Grande do Norte",14,15,1
"582",2020-03-15,"Rio Grande do Sul",66,217,6
"583",2020-03-15,"Rondônia",2,1,0
"584",2020-03-15,"Roraima",2,0,0
"585",2020-03-15,"Santa Catarina",102,41,6
"586",2020-03-15,"São Paulo",1125,551,136
"587",2020-03-15,"Sergipe",1,11,1
"588",2020-03-15,"Tocantins",3,0,0
"589",2020-03-16,"Acre",3,0,0
"590",2020-03-16,"Alagoas",16,22,1
"591",2020-03-16,"Amapá",2,0,0
"592",2020-03-16,"Amazonas",0,7,1
"593",2020-03-16,"Bahia",65,40,2
"594",2020-03-16,"Ceará",22,60,0
"595",2020-03-16,"Distrito Federal",107,93,13
"596",2020-03-16,"Espírito Santo",50,21,1
"597",2020-03-16,"Goiás",3,54,3
"598",2020-03-16,"Maranhão",6,2,0
"599",2020-03-16,"Mato Grosso",14,7,0
"600",2020-03-16,"Mato Grosso do Sul",12,19,2
"601",2020-03-16,"Minas Gerais",102,88,5
"602",2020-03-16,"Pará",1,22,0
"603",2020-03-16,"Paraíba",33,15,0
"604",2020-03-16,"Paraná",85,83,6
"605",2020-03-16,"Pernambuco",18,23,2
"606",2020-03-16,"Piauí",2,3,0
"607",2020-03-16,"Rio de Janeiro",96,153,31
"608",2020-03-16,"Rio Grande do Norte",14,15,1
"609",2020-03-16,"Rio Grande do Sul",119,218,6
"610",2020-03-16,"Rondônia",2,1,0
"611",2020-03-16,"Roraima",2,0,0
"612",2020-03-16,"Santa Catarina",109,44,7
"613",2020-03-16,"São Paulo",1177,623,152
"614",2020-03-16,"Sergipe",1,11,1
"615",2020-03-16,"Tocantins",3,0,0
